id,name,city,reference_city,state,email
1,Femininos Oliveira Antunes,Aratu,Candeias,BA,femininos.oliveira.antunes@icloud.com
2,Fernanda Azevedo Soares Nunes Vieira,Recife,Recife,PE,nunes.fernanda.soares.azevedo.vieira@outlook.com
3,Daniel Farias Ribeiro Teixeira,Rio Grande,Rio Grande,RS,farias.teixeira.daniel.ribeiro@gmail.com
4,Thiago Moreira,Rio Branco,Rio Branco,AC,thiago.moreira@gmail.com
5,Pedro Freitas,Santarém Novo,Santarém Novo,PA,pedro.freitas@icloud.com
6,Antônia Coelho Pinheiro Peixoto Cavalcanti,Fortaleza do Tabocão,Fortaleza do Tabocão,TO,coelho.pinheiro.peixoto.antônia.cavalcanti@aol.com
7,Bianca Barros Rocha Torres Siqueira,Cabedelo,Cabedelo,PB,torres.barros.rocha.bianca.siqueira@aol.com
8,Luiz Alves Pimentel,Aracaju,Aracaju,SE,pimentel.alves.luiz@outlook.com
9,Lucas Guedes Cunha Lopes,João Pessoa,João Pessoa,PB,lucas.lopes.guedes.cunha@tutanota.com
10,Débora Paiva,Santarém,Santarém,PA,paiva.débora@gmx.com
11,Victor Torres Monteiro,Porto Seguro,Porto Seguro,BA,torres.monteiro.victor@gmail.com
12,Rafael Pereira Barros,Fortaleza do Tabocão,Fortaleza do Tabocão,TO,rafael.pereira.barros@zoho.com
13,Carlos Guimarães Martins,Santarém,Santarém,PA,martins.guimarães.carlos@hotmail.com
14,Gabriela Silva Vieira Amaral,Itacoatiara,Itacoatiara,AM,vieira.silva.amaral.gabriela@icloud.com
15,Carla Lopes Alves Pacheco Rocha,Fortaleza do Tabocão,Fortaleza do Tabocão,TO,lopes.alves.pacheco.rocha.carla@yahoo.com
16,Renata Pacheco Cardoso,Fortaleza,Fortaleza,CE,renata.pacheco.cardoso@zoho.com
17,Luís Paiva Costa Cardoso Coelho,Corumbá,Corumbá,MS,costa.paiva.luís.coelho.cardoso@aol.com
18,Adriana Guedes Borges Alves Rocha,Santarém,Santarém,PA,rocha.adriana.guedes.borges.alves@protonmail.com
19,Renata Lima Gomes Coelho Mendonça,Maceió,Maceió,AL,renata.lima.mendonça.coelho.gomes@icloud.com
20,Bruno Silva,Santarém Novo,Santarém Novo,PA,silva.bruno@zoho.com
21,Sandra Rocha Oliveira Soares Peixoto,Rio Branco,Rio Branco,AC,peixoto.soares.rocha.oliveira.sandra@yahoo.com
22,Daniela Borges Vieira Farias Mendonça,Aracaju,Aracaju,SE,borges.vieira.daniela.mendonça.farias@protonmail.com
23,Bruna Mendonça Rodrigues,Santos,Santos,SP,rodrigues.mendonça.bruna@aol.com
24,Carla Peixoto Azevedo Silva Araújo,Laguna,Laguna,SC,peixoto.carla.araújo.silva.azevedo@outlook.com
25,Femininos Antunes Lopes Ribeiro Amaral,São Mateus,São Mateus,ES,femininos.antunes.amaral.lopes.ribeiro@icloud.com
26,Luiz Borges Gomes Araújo,Manaus,Manaus,AM,gomes.araújo.borges.luiz@hotmail.com
27,Flávia Nunes Martins Ribeiro Coelho,Salvador,Salvador,BA,nunes.flávia.coelho.martins.ribeiro@protonmail.com
28,Bianca Rodrigues,Antonina,Antonina,PR,rodrigues.bianca@icloud.com
29,Gabriela Moraes Macedo Nunes,Fortaleza,Fortaleza,CE,moraes.nunes.gabriela.macedo@icloud.com
30,Victor Araújo Azevedo Tavares Correia,Itacoatiara,Itacoatiara,AM,araújo.tavares.azevedo.victor.correia@gmail.com
31,Jéssica Figueiredo Leite Martins,São Luís,São Luís,MA,jéssica.martins.leite.figueiredo@tutanota.com
32,Daniela Teixeira Antunes Coelho Batista,Porto Seguro,Porto Seguro,BA,antunes.coelho.batista.teixeira.daniela@hotmail.com
33,Diego Costa Guedes Cunha,Rio Grande,Rio Grande,RS,guedes.cunha.costa.diego@outlook.com
34,Victor Vieira Nunes Cunha,Fortaleza,Fortaleza,CE,nunes.cunha.victor.vieira@protonmail.com
35,Priscila Martins,João Pessoa,João Pessoa,PB,martins.priscila@tutanota.com
36,Francisca Ribeiro Pinheiro,Belém,Belém,PA,ribeiro.francisca.pinheiro@aol.com
37,Jéssica Pimentel Borges Nunes Teixeira,Itaqui,São Luís,MA,nunes.borges.teixeira.pimentel.jéssica@yahoo.com
38,Mateus Antunes,Fortaleza do Tabocão,Fortaleza do Tabocão,TO,mateus.antunes@gmail.com
39,Renata Oliveira Siqueira,Suape,Ipojuca,PE,oliveira.renata.siqueira@aol.com
40,Lucas Pacheco,Corumbá,Corumbá,MS,pacheco.lucas@aol.com
41,Pedro Ribeiro Costa Santos Correia,Aratu,Candeias,BA,costa.correia.ribeiro.santos.pedro@yahoo.com
42,Márcia Figueiredo,Vila do Conde,Barcarena,PA,márcia.figueiredo@protonmail.com
43,Jéssica Farias Cunha,Itaqui,São Luís,MA,farias.jéssica.cunha@outlook.com
44,Rafael Paiva Vieira,Paranaguá,Paranaguá,PR,rafael.vieira.paiva@icloud.com
45,Amanda Santos Figueiredo Rodrigues Siqueira,Santarém,Santarém,PA,figueiredo.siqueira.rodrigues.amanda.santos@tutanota.com
46,Ana Silva Costa Farias Coelho,Macapá,Macapá,AP,costa.farias.coelho.ana.silva@hotmail.com
47,Gabriela Barros Lacerda,Niterói,Niterói,RJ,lacerda.gabriela.barros@tutanota.com
48,Letícia Torres Peixoto Oliveira,Suape,Ipojuca,PE,torres.oliveira.peixoto.letícia@yahoo.com
49,Diego Costa Tavares Antunes,Aracaju,Aracaju,SE,costa.tavares.antunes.diego@icloud.com
